frec,e,Entorno
0.7335526315789473,0.03961559703066886,N
0.6865148861646234,0.03747407604777009,F
0.6902173913043478,0.06404270209271468,L
0.625,0.0324965887458889,NE
0.5157894736842106,0.1630475087470208,VS
0.5588235294117647,0.09690918360780143,VR
