N,F,L,NE,VS,VR
0.014492753623188406,0.0,0.007936507936507936,0.03278688524590164,0.05,0.0
0.057971014492753624,0.20930232558139536,0.07142857142857142,0.11475409836065574,0.3,0.25
0.2753623188405797,0.16279069767441862,0.3968253968253968,0.3989071038251366,0.35,0.5
0.6521739130434783,0.627906976744186,0.5238095238095238,0.453551912568306,0.3,0.25
